{
	"sonic_tornado_00": { "File": "sonic_tornado_00.png", "Rect": "0,0,64,64", "Center": "32,44" },
	"sonic_tornado_01": { "File": "sonic_tornado_01.png", "Rect": "0,0,64,64", "Center": "32,44" },
	
	"sonic_tornado_alt_00": { "File": "sonic_tornado_alt_00.png", "Rect": "0,0,64,64", "Center": "32,44" },
	"sonic_tornado_alt_01": { "File": "sonic_tornado_alt_01.png", "Rect": "0,0,64,64", "Center": "32,44" },
	
	"sonic_tornado_m_00": { "File": "sonic_tornado_m_00.png", "Rect": "0,0,64,64", "Center": "32,44" },
	"sonic_tornado_m_01": { "File": "sonic_tornado_m_01.png", "Rect": "0,0,64,64", "Center": "32,44" },
}