{
	"Metadata":
	{
		"Name": "Sonic Adventure 2",			 
		"Author": "Shadow The Hedgehog",		 
		"Description": "Sonic Adventure 2 in Sonic the Hedgehog 3 A.I.R.",
		"ModVersion": "1.0.3",
		"GameVersion": "20.11.07.0"
	},
		
	"Settings":
	{
		"Settings":
		[
			{
				"InternalName": "Super Palette",
				"DisplayName": "Super Palette",
				"Variable": "GodSonPalette",
				"DefaultValue": "0x0",
				"Options":
				{
					"0x0": "super sonic",
					"0x1": "Super Saiyan God",
					"0x2": "Berseker"
				}
			}
		]
	} 
}
