{
	"Metadata":
	{
		"Name": "Mania Tornado Animation",
		"Author": "Satou. & GFX32",
		"Description": "A basic script mod which adds an animation to Sonic's intro on the Tornado.",
		"URL": "",
		"ModVersion": "1.1.0.0",
		"GameVersion": ""
	},
	"Settings":
	{
		"List":
		[
			{
				"InternalName": "SonicTornadoStyle",
				"DisplayName": "Sprite Style",
				"Variable": "SonicTornadoStyle",
				"DefaultValue": "0",
				"Options":
				{
					"0": "Sonic the Hedgehog 3",
					"2": "Sonic the Hedgehog 3 Alt",
					"1": "Sonic Mania",
				}
			}
		]
	}
}
