{
	"character_tails_tails_0x01":  { "File": "character_tails_tails.png", "Rect": "0,0,33,20", "Center": "36,7" },
	"character_tails_tails_0x02":  { "File": "character_tails_tails.png", "Rect": "33,0,30,25", "Center": "33,8" },
	"character_tails_tails_0x03":  { "File": "character_tails_tails.png", "Rect": "64,0,31,21", "Center": "34,7" },
	"character_tails_tails_0x04":  { "File": "character_tails_tails.png", "Rect": "95,0,31,25", "Center": "34,9" },
	"character_tails_tails_0x05":  { "File": "character_tails_tails.png", "Rect": "126,3,32,19", "Center": "35,4" },
	"character_tails_tails_0x06":  { "File": "character_tails_tails.png", "Rect": "158,0,33,20", "Center": "36,7" },
	"character_tails_tails_0x07":  { "File": "character_tails_tails.png", "Rect": "192,0,29,25", "Center": "32,8" },
	"character_tails_tails_0x08":  { "File": "character_tails_tails.png", "Rect": "221,1,32,20", "Center": "35,6" },
	"character_tails_tails_0x09":  { "File": "character_tails_tails.png", "Rect": "260,4,24,16", "Center": "31,-7" },
	"character_tails_tails_0x0a":  { "File": "character_tails_tails.png", "Rect": "292,4,24,16", "Center": "31,-7" },
	"character_tails_tails_0x0b":  { "File": "character_tails_tails.png", "Rect": "324,4,24,16", "Center": "31,-7" },
	"character_tails_tails_0x0c":  { "File": "character_tails_tails.png", "Rect": "356,4,24,16", "Center": "31,-7" },
	"character_tails_tails_0x0d":  { "File": "character_tails_tails.png", "Rect": "392,0,16,24", "Center": "8,-12" },
	"character_tails_tails_0x0e":  { "File": "character_tails_tails.png", "Rect": "424,0,16,24", "Center": "8,-12" },
	"character_tails_tails_0x0f":  { "File": "character_tails_tails.png", "Rect": "456,0,16,22", "Center": "8,-12" },
	"character_tails_tails_0x10":  { "File": "character_tails_tails.png", "Rect": "488,0,16,24", "Center": "8,-12" },
	"character_tails_tails_0x11":  { "File": "character_tails_tails.png", "Rect": "0,24,16,24", "Center": "-7,-7" },
	"character_tails_tails_0x12":  { "File": "character_tails_tails.png", "Rect": "32,25,16,23", "Center": "-7,-8" },
	"character_tails_tails_0x13":  { "File": "character_tails_tails.png", "Rect": "64,24,16,24", "Center": "-7,-7" },
	"character_tails_tails_0x14":  { "File": "character_tails_tails.png", "Rect": "96,25,16,22", "Center": "-7,-8" },
	"character_tails_tails_0x1a":  { "File": "character_tails_tails.png", "Rect": "123,22,26,28", "Center": "26,19" },
	"character_tails_tails_0x1b":  { "File": "character_tails_tails.png", "Rect": "155,22,26,28", "Center": "26,19" },
	"character_tails_tails_0x1c":  { "File": "character_tails_tails.png", "Rect": "187,25,26,27", "Center": "26,18" },
	"character_tails_tails_0x1d":  { "File": "character_tails_tails.png", "Rect": "219,22,26,28", "Center": "26,19" },
	"character_tails_tails_0x1e":  { "File": "character_tails_tails.png", "Rect": "251,25,26,28", "Center": "26,19" },
	"character_tails_tails_0x1f":  { "File": "character_tails_tails.png", "Rect": "251,25,26,28", "Center": "26,19" },
	"character_tails_tails_0x20":  { "File": "character_tails_tails.png", "Rect": "251,25,26,28", "Center": "26,19" },
	"character_tails_tails_0x21":  { "File": "character_tails_tails.png", "Rect": "251,25,26,28", "Center": "26,19" },
	"character_tails_tails_0x22":  { "File": "character_tails_tails.png", "Rect": "372,23,36,24", "Center": "34,9" },
	"character_tails_tails_0x23":  { "File": "character_tails_tails.png", "Rect": "408,24,37,24", "Center": "35,8" },
	"character_tails_tails_0x24":  { "File": "character_tails_tails.png", "Rect": "445,22,34,25", "Center": "32,10" },
	"character_tails_tails_0x25":  { "File": "character_tails_tails.png", "Rect": "479,28,33,18", "Center": "31,4" },
	"character_tails_tails_0x26":  { "File": "character_tails_tails.png", "Rect": "0,48,36,24", "Center": "34,6" },
	"character_tails_tails_0x27":  { "File": "character_tails_tails.png", "Rect": "37,48,49,24", "Center": "34,22" },
	"character_tails_tails_0x28":  { "File": "character_tails_tails.png", "Rect": "91,46,27,26", "Center": "22,24" },
	"character_tails_tails_0x29":  { "File": "character_tails_tails.png", "Rect": "121,51,27,20", "Center": "28,9" },
	"character_tails_tails_0x2a":  { "File": "character_tails_tails.png", "Rect": "121,51,27,20", "Center": "28,9" },
	"character_tails_tails_0x2b":  { "File": "character_tails_tails.png", "Rect": "121,51,27,20", "Center": "28,9" },
	"character_tails_tails_0x2c":  { "File": "character_tails_tails.png", "Rect": "121,51,27,20", "Center": "28,9" }
}