{
	"Result_NamePlate_Sonic":  { "File": "Result_NamePlate_Sonic.png", "Rect": "0,0,72,16", "Center": "0,0" },
	"Result_NamePlate_Miles":  { "File": "Result_NamePlate_Miles.png", "Rect": "0,0,72,16", "Center": "-6,0" },
	"Result_NamePlate_Tails":  { "File": "Result_NamePlate_Tails.png", "Rect": "0,0,64,16", "Center": "0,0" },
	"Result_NamePlate_Knuckles":  { "File": "Result_NamePlate_Knuckles.png", "Rect": "0,0,120,16", "Center": "-4,0" },
	"Result_NamePlate_SuperS":  { "File": "Result_NamePlate_SuperST.png", "Rect": "0,0,80,16", "Center": "0,0" },
	"Result_NamePlate_SuperT":  { "File": "Result_NamePlate_SuperST.png", "Rect": "0,0,80,16", "Center": "0,0" },
	"Result_NamePlate_SuperK":  { "File": "Result_NamePlate_SuperK.png", "Rect": "0,0,80,16", "Center": "0,0" },
	"Result_NamePlate_HyperS":  { "File": "Result_NamePlate_HyperST.png", "Rect": "0,0,80,16", "Center": "0,0" },
	"Result_NamePlate_HyperT":  { "File": "Result_NamePlate_HyperST.png", "Rect": "0,0,80,16", "Center": "0,0" },
	"Result_NamePlate_HyperK":  { "File": "Result_NamePlate_HyperK.png", "Rect": "0,0,80,16", "Center": "0,0" },
	"Result_Text_GOT":  { "File": "Result_Text_GOT_ALL_superstage.png", "Rect": "0,0,48,16", "Center": "0,0" },
	"Result_Text_THROUGH":  { "File": "Result_Text_THROUGH.png", "Rect": "0,0,112,16", "Center": "0,0" },
	"Result_Act_1":  { "File": "TitleCard_ACT1.png", "Rect": "0,0,49,32", "Center": "0,0" },
	"Result_Act_2":  { "File": "TitleCard_ACT2.png", "Rect": "0,0,49,32", "Center": "0,0" },
	"Result_Text_SPECIAL_STAGE_chaosstage":  { "File": "Result_Text_SPECIAL_STAGE_chaosstage.png", "Rect": "0,0,192,16", "Center": "96,0" },
	"Result_Text_GOT_A_chaosstage":  { "File": "Result_Text_GOT_ALL_chaosstage.png", "Rect": "0,0,72,16", "Center": "0,0" },
	"Result_Text_CHAOS_EMERALD_chaosstage":  { "File": "Result_Text_CHAOS_EMERALDS_chaosstage.png", "Rect": "0,0,200,16", "Center": "100,0" },
	"Result_Text_SUPER_EMERALD_chaosstage":  { "File": "Result_Text_SUPER_EMERALDS_chaosstage.png", "Rect": "0,0,200,16", "Center": "100,0" },
	"Result_Text_GOT_ALL_chaosstage":  { "File": "Result_Text_GOT_ALL_chaosstage.png", "Rect": "0,0,102,16", "Center": "0,0" },
	"Result_Text_CHAOS_EMERALDS_chaosstage":  { "File": "Result_Text_CHAOS_EMERALDS_chaosstage.png", "Rect": "0,0,216,16", "Center": "100,0" },
	"Result_Text_SUPER_EMERALDS_chaosstage":  { "File": "Result_Text_SUPER_EMERALDS_chaosstage.png", "Rect": "0,0,216,16", "Center": "100,0" },
	"Result_Text_NOW_chaosstage":  { "File": "Result_Text_NOW_chaosstage.png", "Rect": "0,0,56,16", "Center": "0,0" },
	"Result_Text_CAN_chaosstage":  { "File": "Result_Text_CAN_GO_TO_chaosstage.png", "Rect": "0,0,48,16", "Center": "0,0" },
	"Result_Text_BE_chaosstage":  { "File": "Result_Text_BE_chaosstage.png", "Rect": "0,0,32,16", "Center": "0,0" },
	"Result_Text_CAN_GO_TO_chaosstage":  { "File": "Result_Text_CAN_GO_TO_chaosstage.png", "Rect": "0,0,128,16", "Center": "64,0" },
	"Result_Text_HIDDEN_PALACE_chaosstage":  { "File": "Result_Text_HIDDEN_PALACE_chaosstage.png", "Rect": "0,0,192,16", "Center": "96,0" },
	"Result_Text_SPECIAL_STAGE_superstage":  { "File": "Result_Text_SPECIAL_STAGE_superstage.png", "Rect": "0,0,192,16", "Center": "96,0" },
	"Result_Text_GOT_A_superstage":  { "File": "Result_Text_GOT_ALL_superstage.png", "Rect": "0,0,72,16", "Center": "0,0" },
	"Result_Text_CHAOS_EMERALD_superstage":  { "File": "Result_Text_CHAOS_EMERALDS_superstage.png", "Rect": "0,0,200,16", "Center": "100,0" },
	"Result_Text_SUPER_EMERALD_superstage":  { "File": "Result_Text_SUPER_EMERALDS_superstage.png", "Rect": "0,0,200,16", "Center": "100,0" },
	"Result_Text_GOT_ALL_superstage":  { "File": "Result_Text_GOT_ALL_superstage.png", "Rect": "0,0,102,16", "Center": "0,0" },
	"Result_Text_CHAOS_EMERALDS_superstage":  { "File": "Result_Text_CHAOS_EMERALDS_superstage.png", "Rect": "0,0,216,16", "Center": "100,0" },
	"Result_Text_SUPER_EMERALDS_superstage":  { "File": "Result_Text_SUPER_EMERALDS_superstage.png", "Rect": "0,0,216,16", "Center": "100,0" },
	"Result_Text_NOW_superstage":  { "File": "Result_Text_NOW_superstage.png", "Rect": "0,0,56,16", "Center": "0,0" },
	"Result_Text_CAN_superstage":  { "File": "Result_Text_CAN_GO_TO_superstage.png", "Rect": "0,0,48,16", "Center": "0,0" },
	"Result_Text_BE_superstage":  { "File": "Result_Text_BE_superstage.png", "Rect": "0,0,32,16", "Center": "0,0" },
	"Result_Text_CAN_GO_TO_superstage":  { "File": "Result_Text_CAN_GO_TO_superstage.png", "Rect": "0,0,128,16", "Center": "64,0" },
	"Result_Text_HIDDEN_PALACE_superstage":  { "File": "Result_Text_HIDDEN_PALACE_superstage.png", "Rect": "0,0,192,16", "Center": "96,0" }
}