{
	"signs_0x00":  { "File": "goalplates.bmp", "Rect": "0,0,53,37", "Center": "24,20" },
	"signs_0x01":  { "File": "goalplates.bmp", "Rect": "53,0,48,36", "Center": "24,20" },
	"signs_0x02":  { "File": "goalplates.bmp", "Rect": "101,0,48,36", "Center": "24,20" },
	"signs_0x03":  { "File": "goalplates.bmp", "Rect": "150,0,48,36", "Center": "24,20" },
	"signs_0x04":  { "File": "goalplates.bmp", "Rect": "205,3,32,33", "Center": "16,17" },
	"signs_0x05":  { "File": "goalplates.bmp", "Rect": "265,0,8,36", "Center": "4,20" },
	"signs_0x06":  { "File": "goalplates.bmp", "Rect": "301,3,32,33", "Center": "16,17" }
}